name,b,bus0,bus1,s_nom,x,r,length
line1,0,n5,n6,0.187061487,0.004399,0.0557136,0.053
line2,0,n4,n7,0.187061487,0.004399,0.0557136,0.053
line3,0,n6,n8,0.187061487,0.009007578,0.02779849,0.112
line4,0,n7,n9,0.187061487,0.009007578,0.02779849,0.112
