name,s_nom,bus0,bus1,r,x
t1,0.4,n1,n2,0.015,0.0375121
t2,0.63,n11,n12,0.011799995,0.039369645
