,Manchester Wind,Frankfurt Wind,Norway Wind
0,0.930019875,0.5590784039,0.9745832033
1,0.4857475804,0.7529103711,0.4812903778
2,0.2336917351,0.1234650887,0.4072258018
3,0.2576042221,0.9666766524,0.5999649628
4,0.6269055694,0.8590078044,0.524468219
5,0.6035984088,0.5261537924,0.0096927054
6,0.6789075462,0.077893008,0.2204533621
7,0.3613026112,0.0590234716,0.8239185004
8,0.6216040549,0.2485544952,0.5562297265
9,0.5215183715,0.1080601728,0.4394160378
