name,b,b_pu,bus0,bus1,capital_cost,g,g_pu,length,obj,r,r_pu,s_nom,s_nom_extendable,s_nom_max,s_nom_min,sub_network,terrain_factor,v_ang_max,v_ang_min,x,x_pu,v_nom
0,0.0,0.0,London,Manchester,0.1367157553,0.0,0.0,1.0,Line 0,0.0,0.0,725.074679455,True,,0.0,1,1.0,,,0.7968782824,5.51854766205e-06,380.0
1,0.0,0.0,Manchester,Norwich,0.1334916779,0.0,0.0,1.0,Line 1,0.0,0.0,1497.27547096,True,,0.0,1,1.0,,,0.3915599178,2.71163377978e-06,380.0
2,0.0,0.0,Bremen DC,Norwich DC,0.0086734246,0.0,0.0,1.0,Line 2,0.2126041927,5.3151048175e-06,890.406641269,True,,0.0,0,1.0,,,0.0,0.0,200.0
3,0.0,0.0,Norwich DC,Norway DC,0.1291260515,0.0,0.0,1.0,Line 3,0.4861637504,1.215409376e-05,362.626773638,True,,0.0,0,1.0,,,0.0,0.0,200.0
4,0.0,0.0,Norway DC,Bremen DC,0.0624298729,0.0,0.0,1.0,Line 4,0.4287266497,1.07181662425e-05,633.442700719,True,,0.0,0,1.0,,,0.0,0.0,200.0
5,0.0,0.0,Norwich,London,0.0218524519,0.0,0.0,1.0,Line 5,0.0,0.0,474.154279994,True,,0.0,1,1.0,,,0.2388003463,1.65374201039e-06,380.0
6,0.0,0.0,Bremen,Frankfurt,0.2,0.0,0.0,1.0,Line 6,0.0,0.0,1030.84876824,True,,0.0,3,1.0,,,0.4,2.77008310249e-06,380.0
