name,s_nom_min,bus0,bus1,capital_cost,s_nom_extendable,s_nom,s_nom_max,b,g,x_pu,r_pu,terrain_factor,length,r,sub_network,x,obj,v_nom
0,0.0,London,Manchester,0.1367157553,True,40000.0,,0.0,0.0,5.51854766205e-06,0.0,1.0,1.0,0.0,1,0.7968782824,Line 0,380.0
1,0.0,Manchester,Norwich,0.1334916779,True,40000.0,,0.0,0.0,2.71163377978e-06,0.0,1.0,1.0,0.0,1,0.3915599178,Line 1,380.0
2,0.0,Bremen DC,Norwich DC,0.0086734246,True,40000.0,,0.0,0.0,0.0,5.3151048175e-06,1.0,1.0,0.2126041927,0,0.0,Line 2,200.0
3,0.0,Norwich DC,Norway DC,0.1291260515,True,40000.0,,0.0,0.0,0.0,1.215409376e-05,1.0,1.0,0.4861637504,0,0.0,Line 3,200.0
4,0.0,Norway DC,Bremen DC,0.0624298729,True,40000.0,,0.0,0.0,0.0,1.07181662425e-05,1.0,1.0,0.4287266497,0,0.0,Line 4,200.0
5,0.0,Norwich,London,0.0218524519,True,40000.0,,0.0,0.0,1.65374201039e-06,0.0,1.0,1.0,0.0,1,0.2388003463,Line 5,380.0
6,0.0,Bremen,Frankfurt,0.2,True,40000.0,,0.0,0.0,2.77008310249e-06,0.0,1.0,1.0,0.0,3,0.4,Line 6,380.0
