name,bus0,bus1,x,s_nom,s_nom_extendable,capital_cost
0,0,1,0.417022004703,0.0,True,0.144064898688
1,1,2,0.000114374817345,0.0,True,0.0604665145264
2,2,0,0.146755890817,200.0,False,0.0184677189538
3,3,4,0.186260211378,0.0,True,0.0691121454086
4,4,5,0.396767474231,0.0,True,0.107763346801
5,5,3,0.419194514403,0.0,True,0.137043900079
