name,b,b_pu,bus0,bus1,capital_cost,g,g_pu,length,obj,r,r_pu,s_nom,s_nom_extendable,s_nom_max,s_nom_min,s_nom_opt,sub_network,terrain_factor,v_ang_max,v_ang_min,x,x_pu,v_nom
0,0.0,0.0,0,1,0.1440648986884316,0.0,0.0,1.0,Line 0,0.0,0.0,0.0,True,,0.0,70.3922169542512,0,1.0,,,0.41702200470257395,2.887964021485969e-06,380.0
1,0.0,0.0,1,2,0.06046651452636796,0.0,0.0,1.0,Line 1,0.0,0.0,0.0,True,,0.0,1212.26084246014,0,1.0,,,0.00011437481734488665,7.920693721945058e-10,380.0
2,0.0,0.0,2,0,0.01846771895375956,0.0,0.0,1.0,Line 2,0.0,0.0,200.0,False,,0.0,200.0,0,1.0,,,0.14675589081711304,1.0163150333595086e-06,380.0
3,0.0,0.0,3,4,0.06911214540860955,0.0,0.0,1.0,Line 3,0.0,0.0,0.0,True,,0.0,1183.91042059451,1,1.0,,,0.1862602113776709,1.2898906605101863e-06,380.0
4,0.0,0.0,4,5,0.1077633468006714,0.0,0.0,1.0,Line 4,0.0,0.0,0.0,True,,0.0,1840.46863810758,1,1.0,,,0.3967674742306699,2.7476971899630877e-06,380.0
5,0.0,0.0,5,3,0.1370439000793519,0.0,0.0,1.0,Line 5,0.0,0.0,0.0,True,,0.0,1505.6631541605,1,1.0,,,0.4191945144032948,2.903009102515892e-06,380.0
