name,s_nom_min,bus0,bus1,capital_cost,s_nom_extendable,s_nom,s_nom_max,sub_network,x_pu,g_pu,b_pu,b,g,v_ang_min,r_pu,terrain_factor,length,r,x,v_ang_max,obj,v_nom
0,0.0,0,1,0.125104775575,True,342.601841891,,0,4.77188312131e-06,0.0,0.0,0.0,0.0,,0.0,1.0,1.0,0.0,0.689059922717,,Line 0,380.0
1,0.0,1,2,0.123150758297,True,976.889461371,,0,2.76109900066e-06,0.0,0.0,0.0,0.0,,0.0,1.0,1.0,0.0,0.398702695695,,Line 1,380.0
2,0.0,2,0,0.0142351181608,True,1188.07830787,,0,3.64634589614e-06,0.0,0.0,0.0,0.0,,0.0,1.0,1.0,0.0,0.526532347402,,Line 2,380.0
3,0.0,3,4,0.124546179559,True,666.706217164,,1,5.34304263696e-06,0.0,0.0,0.0,0.0,,0.0,1.0,1.0,0.0,0.771535356777,,Line 3,380.0
4,0.0,4,5,0.0695022030953,True,215.108576595,,1,5.71842098645e-06,0.0,0.0,0.0,0.0,,0.0,1.0,1.0,0.0,0.825739990443,,Line 4,380.0
5,0.0,5,3,0.174141351201,True,760.453910388,,1,5.94625782223e-06,0.0,0.0,0.0,0.0,,0.0,1.0,1.0,0.0,0.85863962953,,Line 5,380.0
