name,b,bus0,bus1,capital_cost,g,length,r,s_nom,s_nom_min,terrain_factor,x,x_pu
0,0.0,0,1,0.1367157552824548,0.0,1.0,0.0,4.91636117634056,0.0,1.0,0.7968782824065238,5.5185476620950406e-06
1,0.0,1,2,0.1334916778848074,0.0,1.0,0.0,223.525420440138,0.0,1.0,0.3915599177759066,2.7116337796115415e-06
2,0.0,2,0,0.008673424630131366,0.0,1.0,0.0,393.246495890297,0.0,1.0,0.2126041927193585,1.4723282044276903e-06
3,0.0,3,4,0.12912605152333795,0.0,1.0,0.0,957.89573617176,0.0,1.0,0.4861637504182137,3.366784975195386e-06
4,0.0,4,5,0.062429872888870815,0.0,1.0,0.0,457.811389745236,0.0,1.0,0.4287266496917877,2.969021119749222e-06
5,0.0,5,3,0.021852451895447468,0.0,1.0,0.0,1174.7504549684,0.0,1.0,0.23880034631644176,1.6537420105016742e-06
