name,s_nom_min,bus0,bus1,capital_cost,s_nom_extendable,s_nom_opt,s_nom,s_nom_max,sub_network,x_pu,g_pu,b_pu,b,g,v_ang_min,r_pu,terrain_factor,length,r,x,v_ang_max,obj,v_nom
0,0.0,0,1,0.144064898688,True,70.3922169541,0.0,,0,2.88796402149e-06,0.0,0.0,0.0,0.0,,0.0,1.0,1.0,0.0,0.417022004703,,Line 0,380.0
1,0.0,1,2,0.0604665145264,True,1212.26084246,0.0,,0,7.92069372195e-10,0.0,0.0,0.0,0.0,,0.0,1.0,1.0,0.0,0.000114374817345,,Line 1,380.0
2,0.0,2,0,0.0184677189538,False,200.0,200.0,,0,1.01631503336e-06,0.0,0.0,0.0,0.0,,0.0,1.0,1.0,0.0,0.146755890817,,Line 2,380.0
3,0.0,3,4,0.0691121454086,True,1176.87017036,0.0,,1,1.28989066051e-06,0.0,0.0,0.0,0.0,,0.0,1.0,1.0,0.0,0.186260211378,,Line 3,380.0
4,0.0,4,5,0.107763346801,True,1826.19769818,0.0,,1,2.74769718997e-06,0.0,0.0,0.0,0.0,,0.0,1.0,1.0,0.0,0.396767474231,,Line 4,380.0
5,0.0,5,3,0.137043900079,True,1490.51072937,0.0,,1,2.90300910251e-06,0.0,0.0,0.0,0.0,,0.0,1.0,1.0,0.0,0.419194514403,,Line 5,380.0
