name,bus,capital_cost,dispatch,efficiency,efficiency_dispatch,efficiency_store,marginal_cost,max_hours,p_max_pu_fixed,p_min_pu_fixed,p_nom,p_nom_min,sign,source,standing_loss,state_of_charge_initial
Storage 0,0,545.8187566968984,flexible,1.0,0.95,0.9,2.1747519097918357,6.0,1.0,-1.0,0.0,0.0,1.0,battery,0.01,0.0
Storage 1,1,318.27877467228893,flexible,1.0,0.95,0.9,1.640746334319883,6.0,1.0,-1.0,0.0,0.0,1.0,battery,0.01,0.0
Storage 2,2,172.54144828644593,flexible,1.0,0.95,0.9,3.3448524853895734,6.0,1.0,-1.0,0.0,0.0,1.0,battery,0.01,0.0
Storage 3,3,65.76891603568626,flexible,1.0,0.95,0.9,2.123552662440724,6.0,1.0,-1.0,1624.45605538189,0.0,1.0,battery,0.01,0.0
Storage 4,4,457.93830227084135,flexible,1.0,0.95,0.9,3.823440078288032,6.0,1.0,-1.0,0.0,0.0,1.0,battery,0.01,0.0
Storage 5,5,300.9205146460482,flexible,1.0,0.95,0.9,2.9380897542655524,6.0,1.0,-1.0,0.0,0.0,1.0,battery,0.01,0.0
