name,bus0,bus1,capital_cost,p_max,p_min,s_nom,s_nom_min
TL 0,0,3,0.1743439498803614,900.0,-900.0,1216.54319531154,0.0
TL 1,1,4,0.0023014932491368877,900.0,-900.0,1131.52524608848,0.0
