name,capital_cost,s_nom_opt,bus0,s_nom_extendable,s_nom_min,s_nom_max,bus1,s_nom,b,r,b_pu,x,g_pu,v_ang_min,r_pu,terrain_factor,length,g,sub_network,v_ang_max,x_pu,obj
0,0.14406489868843161,0.0,0,True,0.0,,1,0.0,0.0,0.0,0.0,0.417022004702574,0.0,,0.0,1.0,1.0,0.0,,,0.0,Line 0
1,0.060466514526367955,0.0,1,True,0.0,,2,0.0,0.0,0.0,0.0,0.00011437481734488664,0.0,,0.0,1.0,1.0,0.0,,,0.0,Line 1
2,0.018467718953759562,0.0,2,False,0.0,,0,200.0,0.0,0.0,0.0,0.14675589081711304,0.0,,0.0,1.0,1.0,0.0,,,0.0,Line 2
3,0.06911214540860955,0.0,3,True,0.0,,4,0.0,0.0,0.0,0.0,0.1862602113776709,0.0,,0.0,1.0,1.0,0.0,,,0.0,Line 3
4,0.1077633468006714,0.0,4,True,0.0,,5,0.0,0.0,0.0,0.0,0.39676747423066994,0.0,,0.0,1.0,1.0,0.0,,,0.0,Line 4
5,0.1370439000793519,0.0,5,True,0.0,,3,0.0,0.0,0.0,0.0,0.4191945144032948,0.0,,0.0,1.0,1.0,0.0,,,0.0,Line 5
