name,b,bus0,bus1,capital_cost,g,length,r,s_nom,s_nom_extendable,s_nom_min,terrain_factor,x
0,0.0,0,1,0.1,0.0,1.0,0.0,0.0,True,0.0,1.0,0.010992691954042177
1,0.0,1,2,0.1,0.0,1.0,0.0,0.0,True,0.0,1.0,0.7797011094951051
2,0.0,2,0,0.1,0.0,1.0,0.0,0.0,True,0.0,1.0,0.6225387721194096
3,0.0,3,4,0.1,0.0,1.0,0.0,0.0,True,0.0,1.0,0.8396708792114962
4,0.0,4,5,0.1,0.0,1.0,0.0,0.0,True,0.0,1.0,0.9319092054540176
5,0.0,5,3,0.1,0.0,1.0,0.0,0.0,True,0.0,1.0,0.5032853887405062
