name,bus0,bus1,capital_cost,s_nom_extendable,s_nom,x
0,0,1,0.144064898688,True,0.0,0.417022004703
1,1,2,0.0604665145264,True,0.0,0.000114374817345
2,2,0,0.0184677189538,False,200.0,0.146755890817
3,3,4,0.0691121454086,True,0.0,0.186260211378
4,4,5,0.107763346801,True,0.0,0.396767474231
5,5,3,0.137043900079,True,0.0,0.419194514403
