name,b,bus0,bus1,capital_cost,g,length,r,s_nom,s_nom_extendable,s_nom_min,terrain_factor,x
0,0.0,0,1,0.1367157552824548,0.0,1.0,0.0,0.0,True,0.0,1.0,0.7968782824065238
1,0.0,1,2,0.1334916778848074,0.0,1.0,0.0,0.0,True,0.0,1.0,0.3915599177759066
2,0.0,2,0,0.008673424630131366,0.0,1.0,0.0,0.0,True,0.0,1.0,0.2126041927193585
3,0.0,3,4,0.12912605152333795,0.0,1.0,0.0,0.0,True,0.0,1.0,0.4861637504182137
4,0.0,4,5,0.06242987288887081,0.0,1.0,0.0,0.0,True,0.0,1.0,0.42872664969178764
5,0.0,5,3,0.021852451895447468,0.0,1.0,0.0,0.0,True,0.0,1.0,0.23880034631644176
