name,s_nom_min,bus0,bus1,capital_cost,s_nom_extendable,s_nom,s_nom_max,sub_network,x_pu,g_pu,b_pu,b,g,v_ang_min,r_pu,terrain_factor,length,r,x,v_ang_max,obj
0,0.0,0,1,0.144064898688,True,0.0,,,0.0,0.0,0.0,0.0,0.0,,0.0,1.0,1.0,0.0,0.417022004703,,Line 0
1,0.0,1,2,0.0604665145264,True,0.0,,,0.0,0.0,0.0,0.0,0.0,,0.0,1.0,1.0,0.0,0.000114374817345,,Line 1
2,0.0,2,0,0.0184677189538,False,200.0,,,0.0,0.0,0.0,0.0,0.0,,0.0,1.0,1.0,0.0,0.146755890817,,Line 2
3,0.0,3,4,0.0691121454086,True,0.0,,,0.0,0.0,0.0,0.0,0.0,,0.0,1.0,1.0,0.0,0.186260211378,,Line 3
4,0.0,4,5,0.107763346801,True,0.0,,,0.0,0.0,0.0,0.0,0.0,,0.0,1.0,1.0,0.0,0.396767474231,,Line 4
5,0.0,5,3,0.137043900079,True,0.0,,,0.0,0.0,0.0,0.0,0.0,,0.0,1.0,1.0,0.0,0.419194514403,,Line 5
