name,bus0,bus1,s_nom,x,r,length
line1,bus_connected0,n6,0.187061487,0.004399,0.055713599999999995,0.053
line2,n4,n7,0.187061487,0.004399,0.055713599999999995,0.053
line3,n6,n8,0.187061487,0.009007578,0.02779849,0.11199999999999999
line4,n7,bus_connected1,0.187061487,0.009007578,0.02779849,0.11199999999999999
