name,b,bus0,bus1,capital_cost,g,length,r,s_nom,s_nom_min,terrain_factor,x
0,0.0,0,1,0.1,0.0,1.0,0.0,0.0,0.0,1.0,0.40885773188530483
1,0.0,1,2,0.1,0.0,1.0,0.0,0.0,0.0,1.0,0.8306228994420585
2,0.0,2,0,0.1,0.0,1.0,0.0,0.0,0.0,1.0,0.016856733447585426
3,0.0,3,4,0.1,0.0,1.0,0.0,0.0,0.0,1.0,0.9352983437786218
4,0.0,4,5,0.1,0.0,1.0,0.0,0.0,0.0,1.0,0.09517877886417414
5,0.0,5,3,0.1,0.0,1.0,0.0,0.0,0.0,1.0,0.5181140345628267
